config_id,config_type,occ_thr,edge_thr,weight_thr,evidence_count,pred_threshold,neg_pos_ratio,marginal_prob_threshold,test_tp,test_fp,test_tn,test_fn,test_total_samples,test_positive_samples,test_negative_samples,test_precision,test_recall,test_f1_score,test_accuracy,network_nodes,network_edges,valid_test_days,total_test_days,training_data_size,test_runtime_seconds
1,specified_train_valid_test,2,3,0.2,1,0.1,1.0,0.08,28,65,0,0,93,28,65,0.3010752688172043,1.0,0.4628099173553719,0.3010752688172043,57,50,22,29,766,1.893531322479248
2,specified_train_valid_test,2,3,0.2,1,0.2,1.0,0.08,12,14,51,16,93,28,65,0.46153846153846156,0.42857142857142855,0.4444444444444445,0.6774193548387096,57,50,22,29,766,0.30060744285583496
3,specified_train_valid_test,2,3,0.2,1,0.3,1.0,0.08,10,8,57,18,93,28,65,0.5555555555555556,0.35714285714285715,0.43478260869565216,0.7204301075268817,57,50,22,29,766,0.29442453384399414
4,specified_train_valid_test,2,3,0.2,1,0.4,1.0,0.08,1,1,64,27,93,28,65,0.5,0.03571428571428571,0.06666666666666667,0.6989247311827957,57,50,22,29,766,0.28452181816101074
5,specified_train_valid_test,4,3,0.2,1,0.1,1.0,0.08,26,61,0,0,87,26,61,0.2988505747126437,1.0,0.46017699115044247,0.2988505747126437,40,50,22,29,766,0.23237204551696777
6,specified_train_valid_test,4,3,0.2,1,0.2,1.0,0.08,12,12,49,14,87,26,61,0.5,0.46153846153846156,0.48000000000000004,0.7011494252873564,40,50,22,29,766,0.23109102249145508
7,specified_train_valid_test,4,3,0.2,1,0.3,1.0,0.08,10,8,53,16,87,26,61,0.5555555555555556,0.38461538461538464,0.4545454545454546,0.7241379310344828,40,50,22,29,766,0.23280763626098633
8,specified_train_valid_test,4,3,0.2,1,0.4,1.0,0.08,4,2,59,22,87,26,61,0.6666666666666666,0.15384615384615385,0.25,0.7241379310344828,40,50,22,29,766,0.24413609504699707
